,Date,Open,High,Low,Close,Volume,Dividends,Stock Splits,SMA_20,SMA_50,SMA_100,EMA_20,EMA_50,RSI,Buy_Signal,Sell_Signal
0,2024-11-26T05:00:00.000Z,232.76849125195545,235.00310615337486,232.76849125195545,234.49432373046875,45986200,0,0,226.36541900634765,227.69527069091797,224.72993392944335,228.17095855544156,227.10270853445553,63.51175799920378,false,false
1,2024-11-27T05:00:00.000Z,233.9057547855541,235.12282010257627,233.24733940643014,234.36463928222656,33498400,0,0,226.61895065307618,227.98422424316405,224.7974252319336,228.76083291037347,227.38749013240735,63.17792240782326,false,false
2,2024-11-29T05:00:00.000Z,234.24492549364632,237.2377059705746,233.40695061340287,236.7588653564453,28481400,0,0,227.20095977783203,228.1580355834961,224.84605880737305,229.52255028618984,227.75499504315394,66.66194310757795,false,false
3,2024-12-02T05:00:00.000Z,236.69901868412032,240.21053691361496,236.58928278806928,239.013427734375,48137100,0,0,228.04517211914063,228.3902911376953,224.97108612060546,230.42644337649318,228.19650220751555,69.58073380842445,false,false
4,2024-12-03T05:00:00.000Z,239.232908507596,242.1758064568113,238.32509471728144,242.06607055664062,38861000,0,0,229.08685913085938,228.7180780029297,225.0970782470703,231.534979298412,228.7404068486577,73.02447845150455,false,true
5,2024-12-04T05:00:00.000Z,242.28553892887177,243.5225604021956,240.66944226019712,242.42520141601562,44383900,0,0,230.0747543334961,229.0351107788086,225.18824142456054,232.57214330961233,229.27706545914234,73.40592051724563,false,true
6,2024-12-05T05:00:00.000Z,243.40284992887905,243.95151419061432,241.54732536132988,242.4551239013672,40033900,0,0,231.10051803588868,229.37267211914062,225.27552337646483,233.51337955644613,229.7938520647198,73.43961995399553,false,true
7,2024-12-06T05:00:00.000Z,242.32543882662802,244.04130085085734,241.49743440151175,242.25559997558594,36870600,0,0,231.87913970947267,229.6833233642578,225.41993347167968,234.3459719773166,230.28254806122436,72.77737891302708,false,true
8,2024-12-09T05:00:00.000Z,241.24804586880077,246.64503053466012,241.16823655952678,246.1562042236328,44649200,0,0,232.8662582397461,230.06660552978516,225.65013092041016,235.47075600077528,230.90504438131882,77.12093584739989,false,true
9,2024-12-10T05:00:00.000Z,246.2958646584201,247.612695417372,244.7495916510093,247.1737518310547,36914800,0,0,234.04042587280273,230.36640350341796,225.88921005249023,236.58532703223045,231.54303290875947,78.10249774480059,false,true
10,2024-12-11T05:00:00.000Z,247.3632990378159,250.19646101706442,245.66737785476369,245.89683532714844,45205800,0,0,235.15074768066407,230.7759875488281,226.11900344848632,237.47213734603216,232.10592712124532,73.82234080561886,false,true
11,2024-12-12T05:00:00.000Z,246.2958641332418,248.1414182384854,245.08876927344312,247.36329650878906,32777500,0,0,236.29000015258788,231.20354095458984,226.35301055908204,238.41415250438996,232.70425533252154,75.48398273862702,false,true
12,2024-12-13T05:00:00.000Z,247.223631137632,248.69007959411312,245.647431564018,247.5328826904297,33155300,0,0,237.28310470581056,231.65660858154297,226.65311233520507,239.2826029982985,233.2857701308709,75.67626598842298,false,true
13,2024-12-16T05:00:00.000Z,247.3932343641577,250.77507595019196,247.05404098232512,250.43588256835938,51694800,0,0,238.58197174072265,232.14521484375,226.99269500732422,240.34482010020906,233.958323559792,78.74892074204664,false,true
14,2024-12-17T05:00:00.000Z,249.47818331943677,253.21915892963332,249.1789022262073,252.8699951171875,51356400,0,0,239.85190811157227,232.7843453979492,227.35194076538085,241.53769391134986,234.6999577385134,80.92478268030987,false,true
15,2024-12-18T05:00:00.000Z,251.55318925842403,253.66808268004456,247.14382766353577,247.4530792236328,56774100,0,0,240.83802947998046,233.23382354736327,227.6542303466797,242.1010639410911,235.20008014969457,64.97977690967203,false,false
16,2024-12-19T05:00:00.000Z,246.90440599607692,251.3935770141874,246.49538898335234,249.1888885498047,60882300,0,0,241.87502822875976,233.64288208007812,227.96830413818358,242.77609485620667,235.74866087126753,67.209379124641,false,false
17,2024-12-20T05:00:00.000Z,247.44310326755718,254.3863612366688,245.09876750312787,253.87759399414062,147495300,0,0,243.17040405273437,234.15567962646483,228.29661773681642,243.83338048839084,236.4595994251057,72.33329045519423,false,true
18,2024-12-23T05:00:00.000Z,254.15691915529422,255.03479114956258,252.8400883307868,254.6557159423828,40858800,0,0,244.43734893798828,234.7137353515625,228.6697393798828,244.86407910305675,237.17317262186168,73.08495905643035,false,true
19,2024-12-24T05:00:00.000Z,254.87518901917565,257.58862955018265,254.67565812568793,257.57867431640625,23234700,0,0,245.7008026123047,235.2555126953125,229.05716033935548,246.07499293289956,237.97338837458892,75.75020128162296,false,true
20,2024-12-26T05:00:00.000Z,257.56867823862046,259.47408555117545,257.0100282923795,258.39666748046875,27237100,0,0,246.8959197998047,235.7628286743164,229.55816833496092,247.24848574695375,238.77430128070185,76.45293399099816,false,true
21,2024-12-27T05:00:00.000Z,257.20952960207876,258.0774615569102,252.4510193654514,254.9749298095703,42355300,0,0,247.9264343261719,236.24296508789064,230.04526397705078,247.98433756244103,239.40962004653983,67.62478510842317,false,false
22,2024-12-30T05:00:00.000Z,251.62300520062965,252.88995321263158,250.14657107718884,251.59307861328125,35557500,0,0,248.66814498901368,236.64809020996094,230.47276153564454,248.32802718633056,239.88740273543164,60.223093003019535,false,false
23,2024-12-31T05:00:00.000Z,251.83251072711272,252.67048563095815,248.82974448856297,249.81736755371094,39480700,0,0,249.20834197998047,236.96090087890624,230.84776473999023,248.46986912608105,240.2768131204622,56.71306390761336,false,false
24,2025-01-02T05:00:00.000Z,248.3309608077005,248.5005651105234,241.23808511721737,243.26319885253906,55740700,0,0,249.2681983947754,237.11313171386718,231.12806243896483,247.97399576669608,240.39392628642602,46.045507993853185,false,false
25,2025-01-03T05:00:00.000Z,242.7743682861328,243.5923870862029,241.3079045417172,242.7743682861328,40244100,0,0,249.28565673828126,237.26794250488283,231.38812576293947,247.47879314949958,240.4872769530812,45.36020559246734,false,false
26,2025-01-06T05:00:00.000Z,243.72207367593157,246.73481040856498,242.61474424512696,244.41041564941406,45045600,0,0,249.3834213256836,237.55711700439454,231.6272805786133,247.18656672092,240.64112552940796,48.1420481474566,false,false
27,2025-01-07T05:00:00.000Z,242.3952722906863,244.9590949760797,240.76920518354387,241.62713623046875,40856000,0,0,249.35199813842775,237.79441253662108,231.83411834716796,246.65709715040086,240.67979261572407,44.034677205802694,false,false
28,2025-01-08T05:00:00.000Z,241.33782978685954,243.12353076570005,239.47233471944105,242.11595153808594,37628900,0,0,249.14998550415038,238.02474334716797,232.01594940185547,246.22460709208514,240.73611257346377,44.92342585740335,false,false
29,2025-01-10T05:00:00.000Z,239.43242868693397,239.58207685657038,232.43930319937854,236.28004455566406,61710900,0,0,248.60530014038085,238.09869537353515,232.12616790771483,245.27750589814028,240.56136480805986,37.30631113593793,false,false
30,2025-01-13T05:00:00.000Z,232.96802072299363,234.10527676213235,229.16719172961072,233.83592224121094,49630700,0,0,248.00225448608398,238.1183837890625,232.21353958129882,244.187831264147,240.2976219623011,34.656008728310766,false,false
31,2025-01-14T05:00:00.000Z,234.1850763475817,235.55177458449063,231.9105643637605,232.71861267089844,39435300,0,0,247.27002029418946,238.18687591552734,232.28356002807618,243.09552473145666,240.00040591165788,33.484899537119816,false,false
32,2025-01-15T05:00:00.000Z,234.07533889356793,238.38495013235746,233.86583756026477,237.2975616455078,39832000,0,0,246.75825424194335,238.43045349121093,232.40046600341796,242.5433377708901,239.89441201886768,42.11752513363082,false,false
33,2025-01-16T05:00:00.000Z,236.77883010316478,237.4372302632713,227.4812511099753,227.710693359375,71759100,0,0,245.62199478149415,238.54208374023438,232.44013778686522,241.13070496979344,239.41661913026013,32.582825151019506,false,false
34,2025-01-17T05:00:00.000Z,231.5614090278119,231.73099810398455,227.93016912923343,229.4265594482422,68488300,0,0,244.44982299804687,238.7059683227539,232.47394927978516,240.01602444393143,239.0248520839065,35.401580571552316,false,false
35,2025-01-21T05:00:00.000Z,223.46094530610958,223.87993275191027,218.85206818023312,222.10421752929688,98070400,0,0,243.18237991333007,238.69470672607423,232.43114913940428,238.3101380711091,238.36129778764732,29.695600464531594,true,false
36,2025-01-22T05:00:00.000Z,219.26108010259503,223.58066200952604,219.26108010259503,223.29136657714844,64126500,0,0,241.88750381469725,238.72173706054687,232.39175033569336,236.87977888120807,237.77032009311796,31.619919758607566,false,false
37,2025-01-23T05:00:00.000Z,224.19918327232872,226.4836658384098,221.76505253825962,223.1217803955078,60234800,0,0,240.34971313476564,238.6505093383789,232.36600173950194,235.56949331114137,237.19586755595677,31.48733292356978,false,false
38,2025-01-24T05:00:00.000Z,224.23906824814947,225.08702882156655,220.877182986192,222.24388122558594,54697900,0,0,238.72912139892577,238.56711029052735,232.29858978271486,234.30038739823132,236.6095151508442,30.768084433452202,false,false
39,2025-01-27T05:00:00.000Z,223.4809115633434,231.59133678218907,223.44099929694335,229.30685424804688,94863400,0,0,237.3155303955078,238.67943939208985,232.30967971801758,233.82481281249946,236.32313629191097,42.206143841909864,false,false
40,2025-01-28T05:00:00.000Z,230.2944737209622,239.61199368769647,230.25456145518996,237.68663024902344,75707600,0,0,236.28002853393554,238.9593640136719,232.46664932250977,234.19260494931126,236.3766066431703,52.279621451442246,false,false
41,2025-01-29T05:00:00.000Z,233.55658589116152,239.28277807440017,233.446849997024,238.7839813232422,45486100,0,0,235.47048110961913,239.24347869873046,232.65372497558593,234.62987888968564,236.4710134933692,53.424483860808394,false,false
42,2025-01-30T05:00:00.000Z,238.09563705158317,240.21053038482776,236.63915907674937,237.0182342529297,55658300,0,0,234.74173889160156,239.43042755126953,232.80789688110352,234.8573413052327,236.49247313099903,51.292090129616675,false,false
43,2025-01-31T05:00:00.000Z,246.59515764263173,246.59515764263173,232.87824601959832,235.4320831298828,101075100,0,0,234.02247467041016,239.64989837646485,232.96175262451172,234.91207862186602,236.45088920938665,49.38520439568729,false,false
44,2025-02-03T05:00:00.000Z,229.4365345420127,231.27210292869276,225.1568499027089,227.46128845214844,73063300,0,0,233.2323791503906,239.6496987915039,233.0350035095215,234.20247955808338,236.09835584635772,41.11341343147641,false,false
45,2025-02-04T05:00:00.000Z,226.70312948058964,232.5689843025687,226.10456727432145,232.23977661132812,45067300,0,0,232.70564956665038,239.73988128662108,233.16401138305665,234.01555546791622,235.9470390136115,46.8598551288741,false,false
46,2025-02-05T05:00:00.000Z,227.98006230899622,232.11009917003332,227.7206934550818,231.91058349609375,39620300,0,0,232.08065795898438,239.8091146850586,233.2643165588379,233.8150819467903,235.78874664037548,46.52303689552415,false,false
47,2025-02-06T05:00:00.000Z,230.7334042435517,233.23737378273856,229.875473186273,232.6587677001953,29925300,0,0,231.6322395324707,239.90288848876952,233.3710075378418,233.70495678044793,235.66600236821156,47.44758561192445,false,false
48,2025-02-07T05:00:00.000Z,232.04025529180169,233.43688010961284,226.71309440770742,227.08221435546875,39707200,0,0,230.88055267333985,239.8581964111328,233.42462341308592,233.0742194066404,235.32938323045695,41.66553328187985,false,false
49,2025-02-10T05:00:00.000Z,229.26935130196645,230.2880044885276,226.90244480659103,227.3518524169922,33115600,0.25,0,230.43414306640625,239.75904144287108,233.54251907348632,232.52923207429293,235.0165388848309,42.033362334405886,false,false
50,2025-02-11T05:00:00.000Z,227.90114370319637,234.92193591818142,227.83124330015124,232.3153533935547,53718400,0,0,230.35811462402344,239.7154620361328,233.7053663635254,232.5088626761274,234.91061004203576,48.47413125699441,false,false
51,2025-02-12T05:00:00.000Z,230.89721134547665,236.64967765066982,230.377888084301,236.55978393554688,45243300,0,0,230.55017318725587,239.75936492919922,233.87179458618164,232.89466470083403,234.9752835280558,53.257037269910825,false,false
52,2025-02-13T05:00:00.000Z,236.5997394445533,242.02262084431055,235.2614980047627,241.21368408203125,53614100,0,0,230.74597930908203,239.84846130371093,234.00324844360352,233.68695226094803,235.21992668703524,57.874409042478035,false,false
53,2025-02-14T05:00:00.000Z,240.93404435379279,245.22841586050225,240.67439035154717,244.2796630859375,40896200,0,0,231.57442779541014,239.9537860107422,234.17203857421876,234.695781863328,235.57521046738435,60.6333586621005,false,false
54,2025-02-18T05:00:00.000Z,243.83025306858283,244.85890295305822,241.52328070167576,244.14984130859375,48822500,0,0,232.31059188842772,239.99546142578126,234.35676971435547,235.59616847716285,235.91147050037296,60.45281702989227,false,false
55,2025-02-19T05:00:00.000Z,244.33958470767533,245.68780753699892,242.84154918255663,244.54930114746094,32204200,0,0,233.43284606933594,240.03794342041016,234.53652709960937,236.44884777909598,236.2502089571215,60.83920843343006,false,false
56,2025-02-20T05:00:00.000Z,244.61922281669615,246.4568094488268,243.9700649298591,245.508056640625,32316900,0,0,234.54368057250977,240.0990020751953,234.73583709716797,237.31162957543208,236.61326180745496,61.80381738872102,false,false
57,2025-02-21T05:00:00.000Z,245.6278941258364,248.36431123309396,244.89885442060717,245.22842407226562,53197400,0,0,235.64901275634764,240.1584585571289,234.92089096069336,238.06561000370192,236.95111130803576,61.329321387530335,false,false
58,2025-02-24T05:00:00.000Z,244.609226181644,248.53408727873096,244.09989957647335,246.77639770507812,51326400,0,0,236.87563858032226,240.17086242675782,235.11873397827148,238.8952088324044,237.3364166569394,63.02180120943324,false,false
59,2025-02-25T05:00:00.000Z,247.67521063757022,249.67259136851834,244.58926106556868,246.71646118164062,48013300,0,0,237.74611892700196,240.16171661376953,235.26406005859374,239.64009000852212,237.70426154026103,62.90699818193662,false,false
60,2025-02-26T05:00:00.000Z,244.01001367840516,244.65915630674968,238.8168269352331,240.0452117919922,44433600,0,0,237.8640480041504,240.0446841430664,235.41033584594726,239.67867303551927,237.79606351091715,51.63273921181839,false,false
61,2025-02-27T05:00:00.000Z,239.09646458024955,242.14247324939222,236.74953612071198,236.98922729492188,41153600,0,0,237.77431030273436,239.83720275878906,235.52037185668945,239.42253534593857,237.76442287499577,47.43854036680397,false,false
62,2025-02-28T05:00:00.000Z,236.63967447024518,241.77294223985544,229.89851463379637,241.5232696533203,56833400,0,0,237.99956207275392,239.71701049804688,235.68680953979492,239.62260527997495,237.91182863100852,53.47680930983282,false,false
63,2025-03-03T05:00:00.000Z,241.47333193183624,243.71040379171194,235.80077808405883,237.71826171875,47184000,0,0,238.11387100219727,239.46265808105468,235.80393646240233,239.44123922652494,237.90423777170426,48.44684176149448,false,false
64,2025-03-04T05:00:00.000Z,237.39870037793833,239.75561031847352,234.3726544629493,235.6210174560547,53798100,0,0,238.52185745239257,239.11767852783203,235.95101196289062,239.07740858171826,237.81469972011016,45.885020880308055,false,false
65,2025-03-05T05:00:00.000Z,235.11168617953675,236.2402111793479,228.92979032203158,235.4312744140625,47227600,0,0,238.6814323425293,238.87724243164064,236.05553298950196,238.7301577086082,237.72123206104945,45.64982811174127,false,false
66,2025-03-06T05:00:00.000Z,234.13297099659667,237.54849020730907,232.8546485518437,235.0218048095703,45170400,0,0,238.8369934082031,238.59390075683595,236.11839141845704,238.37698124203317,237.6153721688346,45.11243781483984,false,false
67,2025-03-07T05:00:00.000Z,234.80209169163373,241.05388787370777,234.45254396930395,238.7569122314453,46273600,0,0,239.14190063476562,238.29148712158204,236.22358337402343,238.4131651457867,237.66013844579973,50.80182837886178,false,false
68,2025-03-10T04:00:00.000Z,235.23152514577004,235.85072354308846,223.92635798057333,227.1820831298828,72071200,0,0,239.14689407348632,237.74201446533203,236.22787490844726,237.34353828712918,237.2492343157638,37.74478300785234,false,false
69,2025-03-11T04:00:00.000Z,223.51689291637274,225.54423318142804,217.16522145004404,220.55078125,76137400,0,0,238.8068405151367,237.00145660400392,236.1284846496582,235.74422809311687,236.59439301906718,32.57862981844404,false,false
70,2025-03-12T04:00:00.000Z,219.85169651198805,221.4595886104368,214.6285501658544,216.69583129882812,62547500,0,0,238.0258644104004,236.1674398803711,235.96513427734374,233.93009506508938,235.8140572653323,30.007386656532475,false,true
71,2025-03-13T04:00:00.000Z,215.6671885752157,216.55602242060417,208.14705109128238,209.4053955078125,61368300,0,0,236.66814498901368,235.25604919433593,235.74950714111327,231.59440939296775,234.7784234709198,25.85189720760178,false,true
72,2025-03-14T04:00:00.000Z,210.97334672214788,213.66980775083542,209.30553558500114,213.21041870117188,60107600,0,0,235.2679817199707,234.48839599609374,235.56824310302736,229.84355313660623,233.93261936230223,31.206530397796115,false,true
73,2025-03-17T04:00:00.000Z,213.0306430192638,214.93814530685134,209.69502079955336,213.71974182128906,48073400,0,0,233.73998565673827,233.76644348144532,235.36367218017577,228.30795205895697,233.13995749794879,31.915291751582117,false,true
74,2025-03-18T04:00:00.000Z,213.87952928252258,214.8682229774316,211.21302787332291,212.4114532470703,42432400,0,0,232.1530662536621,233.14940856933595,235.13127014160156,226.79399979115823,232.32707497830648,31.03090525735516,false,true
75,2025-03-19T04:00:00.000Z,213.93944620866878,218.47349365471302,213.470060528986,214.95811462402344,54385400,0,0,230.67350692749022,232.59308349609375,234.93051300048828,225.6667726323835,231.6459392781385,34.81731711295079,false,true
76,2025-03-20T04:00:00.000Z,213.70975404736055,217.20517028159983,211.94206785632258,213.81961059570312,48862900,0,0,229.08908462524414,231.98126739501953,234.76919219970702,224.538471486033,230.94686756510183,33.92074191375421,false,true
77,2025-03-21T04:00:00.000Z,211.2829271905112,218.5533916912833,211.0032951126973,217.98414611816406,94127800,0,0,227.72687072753905,231.50840759277344,234.65141006469727,223.91425002242644,230.43852554757487,40.00646966256767,false,true
78,2025-03-24T04:00:00.000Z,220.71056863168138,221.1899357355996,218.29373979930335,220.44091796875,44299500,0,0,226.41009674072265,231.0749069213867,234.54982513427734,223.58345649350488,230.04646250526804,43.322662247437705,false,true
79,2025-03-25T04:00:00.000Z,220.48087718007702,223.80651793975238,219.79177838679217,223.45697021484375,34493600,0,0,225.24712219238282,230.81844543457032,234.45857040405272,223.57141018125145,229.78805104289847,47.18252346229778,false,true
80,2025-03-26T04:00:00.000Z,223.21727075576553,224.7253029108424,220.18125884970436,221.2398681640625,34466100,0,0,224.30685501098634,230.56652435302735,234.34245407104493,223.3493585605668,229.4528281849049,44.76889652762558,false,true
81,2025-03-27T04:00:00.000Z,221.1000540446544,224.69534536875565,220.271139232742,223.5568389892578,37094800,0,0,223.63523559570314,230.38328887939454,234.28508239746094,223.36911860139452,229.2216129223305,47.77554372903206,false,true
82,2025-03-28T04:00:00.000Z,221.3796909591809,223.51688772665744,217.39491092445158,217.6146240234375,39818600,0,0,222.43980331420897,229.98963012695313,234.21004180908204,222.82107149873192,228.7664368870798,41.53121367050114,false,true
83,2025-03-31T04:00:00.000Z,216.72579102857173,225.32451569687797,215.9468137615173,221.83909606933594,65299300,0,0,221.64584503173828,229.87219818115236,234.20714096069335,222.72755002926564,228.49477646285456,46.8497740341143,false,true
84,2025-04-01T04:00:00.000Z,219.5221267668628,223.3870536043053,218.61331487709137,222.897705078125,36412700,0,0,221.0096794128418,229.74162109375,234.22379470825194,222.74375527201417,228.27528346737498,48.123249568596215,false,true
85,2025-04-02T04:00:00.000Z,221.03016017035932,224.89508702876748,220.73055001137135,223.59678649902344,35905900,0,0,220.41795501708984,229.77147247314454,234.23308959960937,222.82499634125313,228.09181299802785,48.99240450295844,false,true
86,2025-04-03T04:00:00.000Z,205.27081771109022,207.2182761783418,200.9864426085102,202.9239044189453,103419000,0,0,218.81305999755858,229.36412322998046,234.04293014526368,220.92965425341427,227.10483619100503,31.94686802978451,false,true
87,2025-04-04T04:00:00.000Z,193.6360793511012,199.61824028069563,187.09465424061224,188.13330078125,125910900,0,0,216.28187942504883,228.6643536376953,233.6574314880371,217.80619201797006,225.57654068474014,25.193260098682174,false,true
88,2025-04-07T04:00:00.000Z,176.967935484531,193.89573468350994,174.39131242893686,181.2223663330078,160466300,0,0,213.98389358520507,227.84392333984374,233.20551681518555,214.32201814321175,223.83716129839772,22.7709776004055,false,true
89,2025-04-08T04:00:00.000Z,186.4554964395268,190.09072892121037,168.9884109270566,172.19419860839844,120859500,0,0,211.566064453125,226.70167022705078,232.6905548095703,210.3098448541819,221.8119470752605,20.05783839363488,false,true
90,2025-04-09T04:00:00.000Z,171.72480450043201,200.3472738997123,171.6648855169899,198.58958435058594,184395900,0,0,210.6607521057129,225.91972930908204,232.43954666137697,209.19362956812515,220.9012661840968,41.86653418435916,false,true
91,2025-04-10T04:00:00.000Z,188.82240088513313,194.52491452460524,182.76034285398336,190.17062377929688,121880000,0,0,209.69901351928712,224.94746215820314,232.0954704284668,207.38191473109387,219.69614295253604,38.279502310375754,false,true
92,2025-04-11T04:00:00.000Z,185.856281088865,199.27866665425725,185.81632494094944,197.89048767089844,87435900,0,0,208.93301696777343,224.1649072265625,231.797667388916,206.47796929678955,218.84101921600123,43.094114001236676,false,true
93,2025-04-14T04:00:00.000Z,211.1630921847052,212.6611277249045,200.8965565016436,202.25477600097656,101352900,0,0,208.35976867675782,223.50136108398436,231.57562973022462,206.07576041147402,218.1905783056081,45.67415615941572,false,true
94,2025-04-15T04:00:00.000Z,201.59564256833872,203.24347561495443,199.53834280484799,201.87527465820312,51343900,0,0,207.83295974731445,222.98964080810546,231.3196697998047,205.67571414925774,217.55076247629813,45.481055076512185,false,true
95,2025-04-16T04:00:00.000Z,198.10021911176236,200.4371508814261,192.11805840887246,194.0155792236328,59732400,0,0,206.78583297729492,222.22515686035158,230.98251907348632,204.56522510872202,216.62781411344852,41.5619477849563,false,true
96,2025-04-17T04:00:00.000Z,196.94174374665747,198.56961397436802,194.16538565496842,196.72203063964844,51334300,0,0,205.9309539794922,221.52138580322264,230.66525024414062,203.8182542069055,215.84719515369167,43.37149904026978,false,true
97,2025-04-21T04:00:00.000Z,193.01688474432112,193.54618940120912,189.56140949031536,192.9070281982422,46742500,0,0,204.6770980834961,220.7263510131836,230.31461975097656,202.77908982512804,214.9475807632819,41.42430318391751,false,true
98,2025-04-22T04:00:00.000Z,195.8631544964882,201.32599215129426,195.71335703344474,199.47842407226562,52976400,0,0,203.62897338867188,220.17427520751954,230.01623580932616,202.46474070580783,214.34094716755578,45.92757866666012,false,true
99,2025-04-23T04:00:00.000Z,205.7302222309065,207.7276030292648,202.5344160012944,204.33206176757812,52929200,0,0,202.6727279663086,219.71387939453126,229.73646041870117,202.6425808069288,213.94844185775273,49.043625523331414,false,true
100,2025-04-24T04:00:00.000Z,204.62166872266098,208.5565112075726,202.67422555441442,208.09710693359375,47311000,0,0,202.01558990478514,219.22951446533204,229.47248825073243,203.1620594856588,213.71897774307982,51.384049107252345,false,true
101,2025-04-25T04:00:00.000Z,206.0997277622984,209.47530610539675,205.92995222724628,209.00592041015625,38222300,0,0,201.28804397583008,218.67843719482423,229.21890106201172,203.7186176689443,213.5341519653181,51.95764950511601,false,true
102,2025-04-28T04:00:00.000Z,209.72497582911666,211.2230113707532,207.1883090170199,209.8647918701172,38743100,0,0,200.90055236816406,218.05145935058593,228.94996032714843,204.30396759286552,213.3902554909965,52.52769442561103,false,true
103,2025-04-29T04:00:00.000Z,208.41669143858087,211.96204522644123,208.09710321217068,210.9333953857422,36827600,0,0,200.3552673339844,217.38453399658204,228.6691600036621,204.9353416683776,213.2939080358885,53.270624468235944,false,true
104,2025-04-30T04:00:00.000Z,209.02590396975114,213.30029766677714,206.399343338795,212.22171020507812,52286500,0,0,199.82146759033202,216.74597137451173,228.37071640014648,205.6292815290157,213.25186106213124,54.201200321759266,false,true
105,2025-05-01T04:00:00.000Z,208.80618155790114,214.2790004444518,208.62640936955898,213.04063415527344,57365700,0,0,199.29365997314454,216.11579803466796,228.07687072753907,206.33512463627835,213.24357765401916,54.817145024840244,false,true
106,2025-05-02T04:00:00.000Z,205.82009105417706,206.71892151455646,201.89524528415058,205.08106994628906,101010600,0,0,199.40151824951172,215.30725830078126,227.70313018798828,206.21569085627937,212.92347931253957,48.05265011646442,false,true
107,2025-05-05T04:00:00.000Z,202.83402512431957,203.83271551835597,197.9504297070337,198.62953186035156,69018500,0,0,199.92632980346679,214.37528045654298,227.26686950683595,205.49319952333389,212.36293235363024,43.37996207513779,false,true
108,2025-05-06T04:00:00.000Z,197.9504203457911,200.38721199140494,196.7619763948813,198.25001525878906,51216500,0,0,200.77771224975587,213.4047528076172,226.7878076171875,204.8033724505201,211.80948462442078,43.11436478983107,false,true
109,2025-05-07T04:00:00.000Z,198.90915494694545,199.1788056079939,192.99690991055434,195.99298095703125,68536700,0,0,201.9676513671875,212.390283203125,226.27599990844726,203.9642875463783,211.1892295786408,41.48752763403211,false,true
110,2025-05-08T04:00:00.000Z,197.46106353953903,199.78801395815432,194.42503624466005,197.2313690185547,50478900,0,0,201.89974060058594,211.53400634765626,225.78934524536132,203.3230572103951,210.6418624978531,42.76366431912831,false,true
111,2025-05-09T04:00:00.000Z,198.739389980464,200.2773664943336,197.28129528859796,198.27000427246094,36453900,0,0,202.30470962524413,210.75962188720703,225.29841232299805,202.84181407344897,210.15669158705342,43.869370266114956,false,true
112,2025-05-12T04:00:00.000Z,210.97000122070312,211.27000427246094,206.75,210.7899932861328,63775800,0.26,0,202.94968490600587,210.14495635986327,224.93098342895507,203.598783522276,210.18152694780164,55.12350944422782,false,true
113,2025-05-13T04:00:00.000Z,210.42999267578125,213.39999389648438,209,212.92999267578125,51909300,0,0,203.4834457397461,209.64919097900392,224.5559245300293,204.48747010832412,210.28930991752634,56.72080728095924,false,true
114,2025-05-14T04:00:00.000Z,212.42999267578125,213.94000244140625,210.5800018310547,212.3300018310547,49325800,0,0,204.00618209838868,209.18337066650392,224.15052459716796,205.2343778914413,210.3693370513902,56.11771653418711,false,true
115,2025-05-15T04:00:00.000Z,210.9499969482422,212.9600067138672,209.5399932861328,211.4499969482422,45029500,0,0,204.87790298461914,208.7037451171875,223.79049377441407,205.82634161113663,210.4117158708746,55.19081791790814,false,true
116,2025-05-16T04:00:00.000Z,212.36000061035156,212.57000732421875,209.77000427246094,211.25999450683594,54737900,0,0,205.60480117797852,208.22850891113282,223.41120483398439,206.343832363108,210.44498169973582,54.97966692392802,false,true
117,2025-05-19T04:00:00.000Z,207.91000366210938,209.47999572753906,204.25999450683594,208.77999877929688,46140500,0,0,206.39844970703126,207.62897064208985,222.96022888183595,206.57584821226885,210.37968825187548,52.17387274967973,false,true
118,2025-05-20T04:00:00.000Z,207.6699981689453,208.47000122070312,205.02999877929688,206.86000061035156,42496600,0,0,206.76752853393555,207.22252899169922,222.48227172851563,206.6029103454196,210.2416612855412,50.04453323787911,false,true
119,2025-05-21T04:00:00.000Z,205.1699981689453,207.0399932861328,200.7100067138672,202.08999633789062,59211800,0,0,206.65542526245116,206.85331329345703,221.92738494873046,206.1731090113692,209.92198815033922,45.11797036337697,false,true
120,2025-05-22T04:00:00.000Z,200.7100067138672,202.75,199.6999969482422,201.36000061035156,46742400,0,0,206.31856994628907,206.5465966796875,221.3570182800293,205.71471773508182,209.5862239330848,44.39763708776603,false,true
121,2025-05-23T04:00:00.000Z,193.6699981689453,197.6999969482422,193.4600067138672,195.27000427246094,78432900,0,0,205.63177413940429,206.26388885498048,220.7599690246582,204.7199831195941,209.0248035542368,38.82818570383615,false,true
122,2025-05-27T04:00:00.000Z,198.3000030517578,200.74000549316406,197.42999267578125,200.2100067138672,56288500,0,0,205.1490348815918,206.00388061523438,220.24613830566406,204.29046155714394,208.67912524677132,44.86959875207068,false,true
123,2025-05-28T04:00:00.000Z,200.58999633789062,202.72999572753906,199.89999389648438,200.4199981689453,45339700,0,0,204.62336502075195,205.7378857421875,219.7521646118164,203.92184599636312,208.355237910386,45.11772824635666,false,true
124,2025-05-29T04:00:00.000Z,203.5800018310547,203.80999755859375,198.50999450683594,199.9499969482422,51396800,0,0,204.00977935791016,205.48865661621093,219.31903259277342,203.54357465844683,208.0256206177529,44.63352194057449,false,true
125,2025-05-30T04:00:00.000Z,199.3699951171875,201.9600067138672,196.77999877929688,200.85000610351562,70819900,0,0,203.40024795532227,205.2064944458008,218.89978897094727,203.28704431988194,207.74422397013578,45.832347128940526,false,true
126,2025-06-02T04:00:00.000Z,200.27999877929688,202.1300048828125,200.1199951171875,201.6999969482422,35423300,0,0,203.23119430541993,204.96410217285157,218.47268478393553,203.13589695115436,207.50719545947328,46.99953468183419,false,true
127,2025-06-03T04:00:00.000Z,201.35000610351562,203.77000427246094,200.9600067138672,203.27000427246094,46381600,0,0,203.46321792602538,204.6698193359375,218.08911346435548,203.1486690769931,207.3410310991983,49.17787420154111,false,true
128,2025-06-04T04:00:00.000Z,202.91000366210938,206.24000549316406,202.10000610351562,202.82000732421875,43604000,0,0,203.69171752929688,204.31740112304686,217.6961540222168,203.11736795768124,207.1637360491991,48.56179969929115,false,true
129,2025-06-05T04:00:00.000Z,203.5,204.75,200.14999389648438,200.6300048828125,55126100,0,0,203.92356872558594,203.86086181640624,217.33965362548827,202.88047623626517,206.9075112975761,45.56980792611067,false,true
130,2025-06-06T04:00:00.000Z,203,205.6999969482422,202.0500030517578,203.9199981689453,46607700,0,0,204.25800018310548,203.5144644165039,217.04049438476562,202.97947832509186,206.79035391998275,50.50353272260565,false,true
131,2025-06-09T04:00:00.000Z,204.38999938964844,206,200.02000427246094,201.4499969482422,72862600,0,0,204.41699981689453,203.0723275756836,216.72780822753907,202.83381343205855,206.5809281563851,47.05504942040885,false,true
132,2025-06-10T04:00:00.000Z,200.60000610351562,204.35000610351562,200.57000732421875,202.6699981689453,54672600,0,0,204.01100006103516,202.77343505859375,216.38153259277342,202.81821197842874,206.4275583529561,48.910650114753466,false,true
133,2025-06-11T04:00:00.000Z,203.5,204.5,198.41000366210938,198.77999877929688,60989900,0,0,203.30350036621093,202.31225311279297,216.09222564697265,202.43362024517808,206.12765405594988,43.65671198701987,false,true
134,2025-06-12T04:00:00.000Z,199.0800018310547,199.67999267578125,197.36000061035156,199.1999969482422,43904600,0,0,202.64700012207032,201.8382989501953,215.78996002197266,202.12565612166037,205.85598122819664,44.35176109552439,false,true
135,2025-06-13T04:00:00.000Z,199.72999572753906,200.3699951171875,195.6999969482422,196.4499969482422,51447300,0,0,201.89700012207032,201.2953631591797,215.5334178161621,201.58511715276342,205.48711909957098,40.80255933401678,false,true
136,2025-06-16T04:00:00.000Z,197.3000030517578,198.69000244140625,196.55999755859375,198.4199981689453,43020700,0,0,201.25500030517577,201.2052850341797,215.28470413208007,201.28367724954262,205.20997710229156,44.24466899625855,false,true
137,2025-06-17T04:00:00.000Z,197.1999969482422,198.38999938964844,195.2100067138672,195.63999938964844,38856200,0,0,200.59800033569337,201.35541900634766,215.0098863220215,200.7461841200289,204.8346838586585,40.652385522448334,false,true
138,2025-06-18T04:00:00.000Z,195.94000244140625,197.57000732421875,195.07000732421875,196.5800018310547,45394700,0,0,200.08400039672853,201.6625717163086,214.75324752807617,200.34940485441228,204.51097083796816,42.35661542985042,false,true
139,2025-06-20T04:00:00.000Z,198.24000549316406,201.6999969482422,196.86000061035156,201,96813500,0,0,200.02950057983398,202.23868774414063,214.4701789855957,200.4113662968492,204.37328570706745,49.67457723978599,false,true
140,2025-06-23T04:00:00.000Z,201.6300048828125,202.3000030517578,198.9600067138672,201.5,55814300,0,0,200.0365005493164,202.29689605712892,214.10831268310548,200.51504569714928,204.26060783620207,50.44104762876879,false,true
141,2025-06-24T04:00:00.000Z,202.58999633789062,203.44000244140625,200.1999969482422,200.3000030517578,54064000,0,0,200.28800048828126,202.49948364257813,213.72347290039062,200.49456544520726,204.105290001518,48.530670704509355,false,true
142,2025-06-25T04:00:00.000Z,201.4499969482422,203.6699981689453,200.6199951171875,201.55999755859375,39525700,0,0,200.3555000305176,202.57287384033202,213.36889053344726,200.59603517029169,204.0054746115994,50.64437772997673,false,true
143,2025-06-26T04:00:00.000Z,201.42999267578125,202.63999938964844,199.4600067138672,201,50799100,0,0,200.3845001220703,202.5477783203125,213.02456970214843,200.6345080112163,203.8876128621249,49.66809424280384,false,true
144,2025-06-27T04:00:00.000Z,201.88999938964844,203.22000122070312,200,201.0800018310547,73188600,0,0,200.44100036621094,202.53187286376954,212.7607568359375,200.67693599405806,203.77751046874963,49.816927651283336,false,true
145,2025-06-30T04:00:00.000Z,202.00999450683594,207.38999938964844,199.25999450683594,205.1699981689453,91912800,0,0,200.65699996948243,202.7549612426758,212.49005905151367,201.10484667738066,203.8321178295416,56.84304672915435,false,true
146,2025-07-01T04:00:00.000Z,206.6699981689453,210.19000244140625,206.13999938964844,207.82000732421875,78788900,0,0,200.96300048828124,202.9769207763672,212.24915328979492,201.74438578660335,203.98850565286227,60.68398147519798,false,true
147,2025-07-02T04:00:00.000Z,208.91000366210938,213.33999633789062,208.13999938964844,212.44000244140625,67941800,0,0,201.4215003967285,203.36758026123047,212.04696563720702,202.76301594420363,204.31993689947183,66.31294042737143,false,true
148,2025-07-03T04:00:00.000Z,212.14999389648438,214.64999389648438,211.80999755859375,213.5500030517578,34955800,0,0,201.95800018310547,203.64901184082032,211.91164352416993,203.79034804968498,204.68190027799284,67.51628666461683,false,true
149,2025-07-07T04:00:00.000Z,212.67999267578125,216.22999572753906,208.8000030517578,209.9499969482422,50229000,0,0,202.42399978637695,203.7613705444336,211.73762496948243,204.376981278119,204.88849230427712,60.02702472548301,false,true
150,2025-07-08T04:00:00.000Z,210.10000610351562,211.42999267578125,208.4499969482422,210.00999450683594,42780600,0,0,202.72849960327147,203.79962829589843,211.51457138061522,204.913458728473,205.08933552790688,60.106448075669284,false,true
